step,total_loss,sigreg_proxy_loss,pred_loss,learning_rate,grad_norm_post
1,4.911674e-01,4.904858e-01,6.816552e-04,3.000000e-07,1.717417e-01
101,4.898692e-01,4.892167e-01,6.524965e-04,3.030000e-05,1.843055e-01
201,4.855131e-01,4.849541e-01,5.589976e-04,6.030000e-05,2.219071e-01
301,4.773847e-01,4.768939e-01,4.907398e-04,9.030000e-05,2.783234e-01
401,4.626579e-01,4.622777e-01,3.801541e-04,1.203000e-04,3.603438e-01
501,4.365265e-01,4.362902e-01,2.362887e-04,1.503000e-04,4.710096e-01
601,4.000872e-01,4.000059e-01,8.129090e-05,1.803000e-04,5.842213e-01
701,3.438888e-01,3.438776e-01,1.126134e-05,2.103000e-04,7.087961e-01
801,2.708232e-01,2.708222e-01,1.048156e-06,2.403000e-04,7.973593e-01
901,1.784263e-01,1.784253e-01,1.002967e-06,2.703000e-04,8.176563e-01
1001,7.863389e-02,7.863233e-02,1.555665e-06,3.000000e-04,6.827060e-01
1101,1.501309e-02,1.500625e-02,6.835903e-06,2.999970e-04,3.525831e-01
1201,3.905579e-04,3.864428e-04,4.115155e-06,2.999880e-04,2.628891e-02
1301,2.058348e-04,2.039465e-04,1.888254e-06,2.999730e-04,1.329776e-02
1401,6.312962e-04,6.232100e-04,8.086187e-06,2.999521e-04,3.979115e-02
1501,4.335053e-04,4.282798e-04,5.225497e-06,2.999252e-04,1.815046e-02
1601,2.272812e-05,2.233024e-05,3.978797e-07,2.998924e-04,6.457501e-03
1701,7.760217e-05,7.713609e-05,4.660758e-07,2.998536e-04,1.689437e-02
1801,5.747874e-05,5.615821e-05,1.320525e-06,2.998088e-04,1.907864e-02
1901,1.939746e-05,1.857066e-05,8.268040e-07,2.997581e-04,1.475462e-03
2001,1.279615e-05,1.243241e-05,3.637369e-07,2.997015e-04,1.205591e-04
2101,3.439045e-05,3.344377e-05,9.466828e-07,2.996389e-04,7.698772e-04
2201,7.503485e-06,7.431809e-06,7.167589e-08,2.995703e-04,8.165395e-03
2301,1.553755e-05,1.525601e-05,2.815323e-07,2.994959e-04,1.095278e-02
2401,5.585469e-06,5.151924e-06,4.335445e-07,2.994154e-04,3.016000e-03
2501,1.831854e-05,1.803516e-05,2.833819e-07,2.993291e-04,4.120410e-03
2601,8.199436e-06,7.788272e-06,4.111643e-07,2.992368e-04,5.202265e-03
2701,4.509517e-06,2.575885e-06,1.933633e-06,2.991386e-04,4.380960e-03
2801,1.689295e-05,1.423925e-05,2.653704e-06,2.990344e-04,2.617081e-03
2901,5.247455e-06,4.777631e-06,4.698241e-07,2.989243e-04,3.372034e-03
3001,1.511694e-05,1.359320e-05,1.523740e-06,2.988084e-04,1.655962e-03
3101,7.698458e-06,4.812445e-06,2.886013e-06,2.986865e-04,6.790022e-03
3201,1.724590e-05,1.673875e-05,5.071523e-07,2.985587e-04,9.915880e-03
3301,3.304743e-06,3.027287e-06,2.774552e-07,2.984250e-04,3.586857e-03
3401,5.328647e-06,4.998955e-06,3.296925e-07,2.982854e-04,5.012309e-03
3501,5.239555e-06,5.052950e-06,1.866044e-07,2.981399e-04,5.439387e-03
3601,4.035088e-06,3.513225e-06,5.218629e-07,2.979885e-04,1.371892e-03
3701,1.717768e-05,1.686071e-05,3.169773e-07,2.978313e-04,6.538052e-03
3801,8.376936e-06,8.275996e-06,1.009400e-07,2.976681e-04,1.611889e-03
3901,4.480223e-06,3.356239e-06,1.123983e-06,2.974991e-04,3.768118e-03
4001,4.032343e-06,3.590750e-06,4.415931e-07,2.973243e-04,2.841226e-03
4101,3.317204e-06,2.930694e-06,3.865096e-07,2.971436e-04,2.212299e-03
4201,1.374395e-05,1.347216e-05,2.717975e-07,2.969571e-04,7.513501e-04
4301,3.590230e-06,3.399938e-06,1.902917e-07,2.967647e-04,1.929997e-03
4401,1.196548e-05,1.191669e-05,4.879195e-08,2.965665e-04,9.581505e-03
4501,1.271940e-05,1.235714e-05,3.622609e-07,2.963625e-04,2.904239e-03
4601,4.090112e-06,3.908112e-06,1.819999e-07,2.961526e-04,4.194506e-03
4701,3.734635e-06,3.658521e-06,7.611373e-08,2.959370e-04,5.632976e-04
4801,2.634287e-06,2.415226e-06,2.190606e-07,2.957156e-04,2.204385e-03
4901,3.564080e-06,2.792466e-06,7.716143e-07,2.954884e-04,1.335926e-03
5001,1.655498e-05,1.589370e-05,6.612848e-07,2.952554e-04,6.374375e-03
5101,2.794730e-06,2.592890e-06,2.018401e-07,2.950166e-04,4.234761e-03
5201,5.919328e-06,5.532897e-06,3.864305e-07,2.947721e-04,2.383366e-03
5301,5.017531e-06,2.968935e-06,2.048596e-06,2.945219e-04,6.273319e-03
5401,1.143760e-05,1.133566e-05,1.019397e-07,2.942659e-04,1.027577e-02
5501,1.737370e-06,1.675346e-06,6.202462e-08,2.940042e-04,3.855964e-04
5601,7.542527e-06,6.682695e-06,8.598318e-07,2.937368e-04,5.595718e-03
5701,8.147154e-06,7.757371e-06,3.897832e-07,2.934636e-04,1.066945e-03
5801,1.533531e-06,7.966996e-07,7.368310e-07,2.931848e-04,1.276736e-03
5901,1.419196e-06,1.206431e-06,2.127653e-07,2.929003e-04,2.160416e-03
6001,2.724052e-06,2.604511e-06,1.195418e-07,2.926102e-04,4.221623e-03
6101,3.263665e-06,3.142580e-06,1.210853e-07,2.923143e-04,4.364486e-03
6201,1.810237e-05,1.503860e-05,3.063763e-06,2.920129e-04,4.761437e-03
6301,1.861394e-05,1.818677e-05,4.271651e-07,2.917058e-04,1.011352e-02
6401,5.040876e-06,3.865059e-06,1.175817e-06,2.913930e-04,1.463927e-03
6501,3.575554e-06,1.986988e-06,1.588566e-06,2.910747e-04,3.558795e-03
6601,5.186780e-06,4.259839e-06,9.269415e-07,2.907508e-04,4.040306e-03
6701,2.453103e-06,2.328489e-06,1.246148e-07,2.904213e-04,2.895106e-03
6801,1.552001e-05,1.522819e-05,2.918139e-07,2.900862e-04,1.193998e-02
6901,3.195179e-06,2.395674e-06,7.995048e-07,2.897456e-04,1.203091e-03
7001,1.168620e-06,1.093580e-06,7.503947e-08,2.893994e-04,1.744837e-03
7101,3.195917e-06,2.915918e-06,2.799991e-07,2.890478e-04,2.983264e-03
7201,5.658337e-06,4.585560e-06,1.072777e-06,2.886906e-04,4.029091e-03
7301,5.974236e-06,5.766224e-06,2.080113e-07,2.883279e-04,4.319132e-03
7401,6.541446e-06,5.888141e-06,6.533050e-07,2.879597e-04,6.318747e-03
7501,1.930201e-06,8.720505e-07,1.058151e-06,2.875861e-04,2.445484e-03
7601,3.011000e-06,2.830588e-06,1.804128e-07,2.872070e-04,4.544206e-03
7701,1.765283e-06,1.699491e-06,6.579132e-08,2.868225e-04,6.851943e-04
7801,1.065025e-06,1.007715e-06,5.730957e-08,2.864325e-04,2.148365e-03
7901,3.773307e-06,3.163527e-06,6.097798e-07,2.860372e-04,1.618292e-03
8001,1.222550e-06,1.171316e-06,5.123352e-08,2.856365e-04,1.395265e-03
8101,5.287649e-06,4.883182e-06,4.044671e-07,2.852304e-04,6.702696e-03
8201,7.124229e-06,6.325680e-06,7.985483e-07,2.848189e-04,2.734473e-03
8301,1.177241e-05,1.163219e-05,1.402242e-07,2.844021e-04,1.040526e-02
8401,1.649059e-05,1.607614e-05,4.144483e-07,2.839800e-04,1.102603e-02
8501,4.826006e-06,4.737318e-06,8.868828e-08,2.835526e-04,6.221158e-03
8601,6.688582e-06,5.325400e-06,1.363182e-06,2.831199e-04,4.641374e-03
8701,6.181299e-06,6.046396e-06,1.349034e-07,2.826819e-04,6.922165e-03
8801,4.419981e-05,4.162060e-05,2.579219e-06,2.822387e-04,2.040996e-02
8901,2.626473e-06,2.439308e-06,1.871649e-07,2.817903e-04,4.457616e-03
9001,7.257777e-06,6.671703e-06,5.860738e-07,2.813366e-04,8.020531e-03
9101,5.241338e-06,4.931365e-06,3.099735e-07,2.808778e-04,1.419629e-03
9201,1.328820e-05,1.308177e-05,2.064241e-07,2.804138e-04,2.824582e-03
9301,9.106066e-06,8.173121e-06,9.329456e-07,2.799446e-04,9.352676e-03
9401,5.702699e-07,5.197460e-07,5.052388e-08,2.794703e-04,1.630845e-03
9501,6.566890e-06,5.211110e-06,1.355781e-06,2.789909e-04,2.831212e-03
9601,1.822814e-06,1.778373e-06,4.444099e-08,2.785064e-04,3.934281e-03
9701,3.769678e-06,3.274164e-06,4.955136e-07,2.780168e-04,2.849448e-03
9801,1.117186e-06,1.071858e-06,4.532782e-08,2.775221e-04,2.376387e-04
9901,4.218618e-06,3.879846e-06,3.387725e-07,2.770224e-04,2.428832e-03
10001,1.771037e-06,1.712780e-06,5.825637e-08,2.765177e-04,2.902322e-03
10101,2.736391e-06,2.482036e-06,2.543550e-07,2.760080e-04,2.022102e-03
10201,1.388334e-06,1.294653e-06,9.368117e-08,2.754933e-04,2.235074e-03
10301,2.816468e-06,2.513420e-06,3.030471e-07,2.749737e-04,1.131152e-03
10401,4.612229e-05,4.563847e-05,4.838208e-07,2.744491e-04,1.937819e-02
10501,1.848946e-05,1.755334e-05,9.361273e-07,2.739197e-04,1.128713e-02
10601,4.370053e-06,4.022985e-06,3.470686e-07,2.733853e-04,1.758898e-03
10701,4.997459e-06,4.743990e-06,2.534690e-07,2.728461e-04,4.645443e-03
10801,1.153502e-05,1.101227e-05,5.227502e-07,2.723020e-04,1.056013e-02
10901,9.088439e-06,8.747869e-06,3.405698e-07,2.717531e-04,7.215893e-03
11001,9.351467e-06,8.259044e-06,1.092423e-06,2.711994e-04,5.936917e-03
11101,4.354091e-06,4.123900e-06,2.301912e-07,2.706409e-04,1.019188e-03
11201,4.431078e-06,3.940997e-06,4.900808e-07,2.700777e-04,2.437157e-03
11301,8.664951e-06,8.217307e-06,4.476440e-07,2.695098e-04,1.455377e-03
11401,4.123706e-06,3.720294e-06,4.034125e-07,2.689371e-04,2.301608e-03
11501,1.742792e-05,1.702076e-05,4.071573e-07,2.683598e-04,7.489195e-03
11601,2.733841e-05,2.568627e-05,1.652144e-06,2.677778e-04,1.475233e-02
11701,1.754112e-05,1.725379e-05,2.873318e-07,2.671911e-04,3.109741e-04
11801,1.087029e-06,9.310857e-07,1.559433e-07,2.665999e-04,7.264183e-04
11901,1.625574e-06,1.041716e-06,5.838576e-07,2.660040e-04,1.987844e-03
12001,5.041291e-07,4.596641e-07,4.446508e-08,2.654036e-04,4.629626e-04
12101,1.375266e-06,1.070995e-06,3.042708e-07,2.647987e-04,3.268021e-03
12201,5.759612e-06,5.442410e-06,3.172020e-07,2.641892e-04,2.137744e-03
12301,4.459599e-06,3.900351e-06,5.592478e-07,2.635753e-04,5.252100e-03
12401,1.136759e-06,9.777871e-07,1.589718e-07,2.629569e-04,2.564508e-03
12501,1.210918e-06,1.162779e-06,4.813877e-08,2.623341e-04,1.192408e-03
12601,2.100782e-06,7.126302e-07,1.388152e-06,2.617068e-04,2.171833e-03
12701,1.063281e-06,7.639111e-07,2.993704e-07,2.610752e-04,1.771906e-03
12801,4.870622e-06,4.520683e-06,3.499390e-07,2.604392e-04,5.074184e-03
12901,1.018050e-05,9.159597e-06,1.020902e-06,2.597988e-04,9.493397e-03
13001,1.371608e-06,1.239303e-06,1.323056e-07,2.591542e-04,2.109854e-03
13101,1.379128e-05,1.345135e-05,3.399227e-07,2.585053e-04,1.015578e-02
13201,1.060674e-05,8.833136e-06,1.773602e-06,2.578521e-04,4.316422e-03
13301,4.981361e-06,4.775317e-06,2.060437e-07,2.571947e-04,2.116588e-03
13401,3.297008e-06,3.166813e-06,1.301948e-07,2.565331e-04,4.744393e-04
13501,8.725477e-06,5.652549e-06,3.072928e-06,2.558673e-04,2.501148e-03
13601,1.184819e-06,1.098757e-06,8.606180e-08,2.551974e-04,1.134545e-03
13701,6.844278e-06,6.444972e-06,3.993054e-07,2.545233e-04,8.200710e-04
13801,5.594358e-06,5.040212e-06,5.541460e-07,2.538452e-04,6.065261e-03
13901,2.859316e-06,2.179308e-06,6.800083e-07,2.531630e-04,2.138117e-03
14001,2.151283e-06,2.024471e-06,1.268119e-07,2.524767e-04,3.105485e-03
14101,5.213003e-06,4.863818e-06,3.491847e-07,2.517865e-04,1.052830e-03
14201,1.633545e-06,1.467736e-06,1.658095e-07,2.510923e-04,2.168989e-03
14301,8.911206e-06,8.035395e-06,8.758104e-07,2.503941e-04,5.528500e-03
14401,2.549315e-06,2.343036e-06,2.062786e-07,2.496920e-04,8.589399e-04
14501,1.544087e-06,1.499787e-06,4.430016e-08,2.489860e-04,3.272758e-03
14601,5.919894e-06,5.663197e-06,2.566978e-07,2.482762e-04,2.887772e-04
14701,4.961659e-07,4.289848e-07,6.718119e-08,2.475625e-04,6.492579e-04
14801,6.338912e-06,6.084944e-06,2.539688e-07,2.468450e-04,1.356884e-03
14901,3.748013e-06,3.445968e-06,3.020456e-07,2.461238e-04,9.445354e-04
15001,2.323897e-06,2.186967e-06,1.369297e-07,2.453988e-04,2.255260e-03
15101,3.628381e-06,3.397660e-06,2.307216e-07,2.446700e-04,3.417375e-03
15201,2.375985e-06,2.250435e-06,1.255509e-07,2.439376e-04,1.292005e-03
15301,3.064741e-06,2.503649e-06,5.610918e-07,2.432016e-04,2.881440e-03
15401,1.551516e-06,1.423308e-06,1.282080e-07,2.424619e-04,2.204621e-03
15501,2.774052e-06,2.571976e-06,2.020768e-07,2.417186e-04,2.433553e-03
15601,3.873627e-06,3.798092e-06,7.553485e-08,2.409717e-04,2.348791e-04
15701,2.937746e-06,2.194694e-06,7.430518e-07,2.402213e-04,4.230020e-03
15801,1.518173e-06,8.750399e-07,6.431326e-07,2.394675e-04,1.097007e-03
15901,7.959858e-06,7.698963e-06,2.608954e-07,2.387101e-04,8.160355e-04
16001,1.199313e-05,1.072994e-05,1.263193e-06,2.379493e-04,1.023819e-02
16101,4.320680e-06,4.126164e-06,1.945160e-07,2.371851e-04,3.390282e-03
16201,1.145698e-05,1.120736e-05,2.496170e-07,2.364175e-04,9.884624e-03
16301,9.516986e-07,8.017868e-07,1.499117e-07,2.356466e-04,5.205114e-04
16401,4.187703e-06,3.648648e-06,5.390550e-07,2.348723e-04,5.197929e-03
16501,6.677940e-06,6.436044e-06,2.418957e-07,2.340948e-04,1.196120e-03
16601,5.111838e-06,4.477739e-06,6.340984e-07,2.333140e-04,1.051539e-03
16701,5.682858e-06,5.047623e-06,6.352354e-07,2.325300e-04,3.192183e-03
16801,1.360267e-06,1.220654e-06,1.396121e-07,2.317428e-04,1.672150e-03
16901,4.254749e-06,3.857504e-06,3.972445e-07,2.309524e-04,4.230559e-03
17001,4.796247e-06,4.699090e-06,9.715643e-08,2.301590e-04,4.061682e-03
17101,1.353460e-05,1.301402e-05,5.205798e-07,2.293624e-04,1.197938e-03
17201,2.165550e-06,1.918505e-06,2.470447e-07,2.285628e-04,2.198148e-03
17301,2.081967e-06,1.994342e-06,8.762482e-08,2.277602e-04,7.861090e-04
17401,3.844358e-06,3.276748e-06,5.676095e-07,2.269545e-04,3.703946e-03
17501,5.013762e-06,4.933486e-06,8.027653e-08,2.261459e-04,5.590403e-03
17601,1.497422e-06,1.395110e-06,1.023123e-07,2.253344e-04,1.871302e-03
17701,4.120851e-06,3.588797e-06,5.320537e-07,2.245200e-04,3.173688e-03
17801,4.929732e-06,4.840130e-06,8.960177e-08,2.237028e-04,5.430316e-03
17901,1.856818e-06,1.292164e-06,5.646543e-07,2.228827e-04,1.830140e-03
18001,2.719871e-06,2.546751e-06,1.731205e-07,2.220598e-04,4.128784e-03
18101,1.954577e-06,1.431914e-06,5.226625e-07,2.212342e-04,9.844854e-04
18201,2.150646e-05,1.995088e-05,1.555583e-06,2.204058e-04,9.980280e-03
18301,1.248931e-06,8.591655e-07,3.897658e-07,2.195748e-04,2.987588e-03
18401,1.844808e-06,1.675981e-06,1.688272e-07,2.187411e-04,7.975100e-04
18501,6.110565e-06,5.816357e-06,2.942080e-07,2.179048e-04,6.739794e-03
18601,6.896722e-06,6.651604e-06,2.451174e-07,2.170659e-04,2.217458e-03
18701,5.643012e-06,5.344053e-06,2.989589e-07,2.162244e-04,1.704260e-03
18801,6.695853e-06,6.536025e-06,1.598279e-07,2.153804e-04,6.619544e-03
18901,8.414178e-06,8.171432e-06,2.427464e-07,2.145340e-04,4.237801e-03
19001,6.656308e-06,5.892777e-06,7.635311e-07,2.136851e-04,5.126163e-03
19101,3.561887e-06,3.329802e-06,2.320854e-07,2.128338e-04,4.402098e-03
19201,1.442619e-06,1.183355e-06,2.592638e-07,2.119801e-04,2.156320e-03
19301,6.859181e-06,6.178499e-06,6.806819e-07,2.111240e-04,5.465943e-03
19401,4.270455e-06,3.979853e-06,2.906025e-07,2.102657e-04,6.147639e-03
19501,9.308576e-06,9.140560e-06,1.680159e-07,2.094051e-04,7.700770e-03
19601,2.708432e-06,2.683722e-06,2.471030e-08,2.085423e-04,4.001201e-03
19701,4.650234e-06,4.506605e-06,1.436284e-07,2.076772e-04,5.355137e-03
19801,7.103872e-06,6.835984e-06,2.678878e-07,2.068100e-04,5.338139e-03
19901,4.679787e-06,3.840728e-06,8.390594e-07,2.059406e-04,5.732470e-03
20001,4.538608e-06,3.635142e-06,9.034668e-07,2.050692e-04,1.108317e-03
20101,4.166646e-06,3.993287e-06,1.733585e-07,2.041957e-04,2.068005e-03
20201,8.535682e-06,8.257305e-06,2.783773e-07,2.033202e-04,3.450744e-03
20301,4.789820e-06,4.570953e-06,2.188671e-07,2.024427e-04,4.366617e-04
20401,1.208769e-05,1.202942e-05,5.827005e-08,2.015632e-04,9.695949e-03
20501,3.795916e-07,1.887810e-07,1.908107e-07,2.006819e-04,9.320336e-04
20601,1.650347e-05,1.574372e-05,7.597419e-07,1.997986e-04,3.382278e-03
20701,2.506123e-06,1.981460e-06,5.246630e-07,1.989135e-04,2.653220e-03
20801,9.678074e-07,8.800587e-07,8.774872e-08,1.980266e-04,6.411867e-04
20901,4.270869e-06,4.201711e-06,6.915794e-08,1.971380e-04,5.167408e-03
21001,3.495214e-06,3.417370e-06,7.784377e-08,1.962476e-04,4.300973e-03
21101,1.463906e-05,1.446737e-05,1.716954e-07,1.953555e-04,9.809640e-03
21201,3.233429e-05,3.219976e-05,1.345269e-07,1.944618e-04,1.642391e-02
21301,1.731476e-05,1.696387e-05,3.508926e-07,1.935664e-04,1.011356e-02
21401,2.699849e-06,2.252350e-06,4.474994e-07,1.926694e-04,4.070394e-03
21501,2.928108e-06,2.470039e-06,4.580686e-07,1.917709e-04,3.274566e-03
21601,5.682003e-06,5.474826e-06,2.071767e-07,1.908709e-04,5.234089e-03
21701,1.247021e-05,1.203316e-05,4.370538e-07,1.899694e-04,3.437415e-03
21801,7.159320e-06,7.052441e-06,1.068790e-07,1.890665e-04,5.080536e-03
21901,4.569319e-06,4.273984e-06,2.953349e-07,1.881622e-04,5.394779e-04
22001,1.192509e-05,1.183549e-05,8.960633e-08,1.872565e-04,9.870116e-03
22101,1.461980e-06,1.428163e-06,3.381697e-08,1.863495e-04,2.061973e-03
22201,2.267423e-06,2.022800e-06,2.446224e-07,1.854412e-04,3.627048e-03
22301,1.101606e-06,9.744027e-07,1.272035e-07,1.845316e-04,4.761962e-04
22401,7.839626e-06,7.310764e-06,5.288628e-07,1.836208e-04,5.400375e-03
22501,6.928825e-06,6.686176e-06,2.426493e-07,1.827089e-04,6.075650e-03
22601,3.183589e-06,3.057171e-06,1.264173e-07,1.817958e-04,1.030714e-03
22701,1.762093e-06,1.482219e-06,2.798734e-07,1.808816e-04,1.886059e-03
22801,2.439272e-06,2.284085e-06,1.551873e-07,1.799664e-04,3.216446e-03
22901,3.771876e-06,3.146482e-06,6.253945e-07,1.790501e-04,2.571675e-03
23001,1.971020e-06,1.564316e-06,4.067043e-07,1.781328e-04,3.296252e-03
23101,2.118516e-06,2.013960e-06,1.045553e-07,1.772146e-04,3.292030e-03
23201,2.701285e-06,2.553508e-06,1.477771e-07,1.762955e-04,2.180289e-03
23301,4.397899e-06,4.095258e-06,3.026403e-07,1.753755e-04,3.975843e-04
23401,7.303444e-06,6.832501e-06,4.709426e-07,1.744546e-04,5.764014e-03
23501,4.014466e-06,3.865393e-06,1.490729e-07,1.735330e-04,3.086886e-03
23601,1.590446e-05,1.494386e-05,9.605982e-07,1.726106e-04,1.096648e-02
23701,1.206623e-05,1.170264e-05,3.635880e-07,1.716874e-04,9.695632e-03
23801,6.716685e-06,6.076824e-06,6.398606e-07,1.707636e-04,1.415277e-03
23901,5.817692e-06,5.426687e-06,3.910057e-07,1.698392e-04,3.636228e-03
24001,1.118213e-06,1.041064e-06,7.714879e-08,1.689141e-04,7.241482e-05
24101,1.137685e-05,1.088729e-05,4.895670e-07,1.679884e-04,5.548940e-03
24201,4.834879e-06,4.531109e-06,3.037699e-07,1.670623e-04,4.253509e-03
24301,9.175174e-06,8.523261e-06,6.519130e-07,1.661356e-04,1.689731e-03
24401,3.951505e-06,3.586673e-06,3.648325e-07,1.652085e-04,2.751760e-03
24501,1.712299e-06,1.645151e-06,6.714835e-08,1.642809e-04,2.286796e-03
24601,6.452755e-07,5.921540e-07,5.312158e-08,1.633530e-04,8.502493e-04
24701,1.983424e-06,1.827524e-06,1.559007e-07,1.624247e-04,1.268422e-04
24801,1.532318e-05,1.488582e-05,4.373634e-07,1.614961e-04,4.364135e-03
24901,1.451967e-06,1.325808e-06,1.261593e-07,1.605673e-04,2.782383e-03
25001,5.691290e-06,5.469242e-06,2.220478e-07,1.596382e-04,6.496873e-03
25101,1.067603e-06,9.933791e-07,7.422408e-08,1.587089e-04,1.077318e-03
25201,5.902850e-07,5.505496e-07,3.973533e-08,1.577795e-04,3.335198e-04
25301,7.857244e-06,7.469342e-06,3.879021e-07,1.568500e-04,3.901460e-03
25401,6.481413e-06,5.395045e-06,1.086368e-06,1.559204e-04,5.088003e-03
25501,5.676509e-06,5.471467e-06,2.050421e-07,1.549907e-04,5.760122e-03
25601,1.684711e-05,1.675330e-05,9.380941e-08,1.540611e-04,1.150559e-02
25701,9.132962e-06,8.271675e-06,8.612874e-07,1.531314e-04,8.348242e-03
25801,1.622652e-06,1.569452e-06,5.319973e-08,1.522019e-04,2.664881e-03
25901,1.550342e-06,1.461792e-06,8.855018e-08,1.512725e-04,1.857984e-03
26001,2.510303e-06,2.389211e-06,1.210921e-07,1.503432e-04,9.889963e-04
26101,1.612580e-05,1.526395e-05,8.618506e-07,1.494142e-04,9.920252e-03
26201,4.280488e-06,4.042861e-06,2.376265e-07,1.484853e-04,2.753489e-03
26301,9.149760e-06,8.666318e-06,4.834425e-07,1.475567e-04,6.867021e-04
26401,1.051044e-06,8.353632e-07,2.156806e-07,1.466285e-04,2.004155e-03
26501,3.025570e-06,2.840184e-06,1.853864e-07,1.457005e-04,2.560217e-03
26601,1.611598e-06,1.498252e-06,1.133452e-07,1.447730e-04,1.991434e-03
26701,1.415261e-06,1.263265e-06,1.519967e-07,1.438459e-04,8.467600e-04
26801,5.105622e-06,4.524417e-06,5.812044e-07,1.429192e-04,2.086582e-03
26901,1.372430e-05,1.280236e-05,9.219366e-07,1.419930e-04,2.280497e-03
27001,7.401226e-06,5.873473e-06,1.527752e-06,1.410674e-04,2.532151e-03
27101,1.711482e-05,1.574143e-05,1.373396e-06,1.401423e-04,1.162404e-03
27201,1.605287e-06,1.485207e-06,1.200800e-07,1.392179e-04,1.857762e-03
27301,2.281062e-05,2.161434e-05,1.196283e-06,1.382941e-04,1.200390e-02
27401,8.155664e-06,7.811176e-06,3.444885e-07,1.373710e-04,7.854882e-03
27501,6.108252e-06,5.595995e-06,5.122563e-07,1.364486e-04,1.640489e-03
27601,5.813313e-06,5.736935e-06,7.637783e-08,1.355270e-04,4.784744e-03
27701,1.147183e-06,1.064626e-06,8.255766e-08,1.346061e-04,1.706424e-03
27801,7.123844e-06,6.967095e-06,1.567496e-07,1.336861e-04,5.524606e-03
27901,3.502905e-06,3.456656e-06,4.624886e-08,1.327670e-04,4.761776e-03
28001,2.076295e-06,1.983903e-06,9.239177e-08,1.318488e-04,8.748157e-04
28101,3.170140e-06,2.969005e-06,2.011351e-07,1.309316e-04,1.789348e-03
28201,3.042095e-05,2.927995e-05,1.141004e-06,1.300153e-04,5.655162e-03
28301,1.978108e-05,1.973146e-05,4.962446e-08,1.291001e-04,1.231575e-02
28401,6.108043e-06,5.851364e-06,2.566792e-07,1.281859e-04,2.151596e-03
28501,2.201255e-06,1.553587e-06,6.476681e-07,1.272729e-04,1.167269e-03
28601,2.384983e-05,2.326531e-05,5.845225e-07,1.263609e-04,1.379949e-02
28701,4.563937e-06,3.914912e-06,6.490246e-07,1.254502e-04,5.804431e-03
28801,6.385854e-06,5.701967e-06,6.838869e-07,1.245407e-04,2.024055e-03
28901,2.057864e-06,1.896791e-06,1.610729e-07,1.236324e-04,2.736797e-03
29001,8.306058e-06,7.967461e-06,3.385975e-07,1.227254e-04,5.517082e-03
29101,6.848246e-07,5.814634e-07,1.033613e-07,1.218197e-04,8.582428e-04
29201,1.284522e-05,1.074883e-05,2.096393e-06,1.209154e-04,4.019867e-03
29301,1.534798e-05,1.497925e-05,3.687282e-07,1.200125e-04,4.372492e-03
29401,5.866414e-06,5.511132e-06,3.552827e-07,1.191111e-04,4.721285e-03
29501,2.032381e-06,1.891565e-06,1.408160e-07,1.182111e-04,1.835063e-03
29601,1.003521e-05,9.623324e-06,4.118826e-07,1.173126e-04,3.065896e-03
29701,2.243755e-06,2.110747e-06,1.330086e-07,1.164157e-04,2.759278e-03
29801,2.436632e-05,2.333738e-05,1.028938e-06,1.155204e-04,1.338320e-02
29901,7.373515e-06,6.475321e-06,8.981943e-07,1.146266e-04,5.959506e-03
30001,7.805704e-06,7.442803e-06,3.629003e-07,1.137346e-04,4.504231e-03
30101,8.323557e-06,8.253970e-06,6.958709e-08,1.128442e-04,7.361877e-03
30201,5.862599e-06,5.616043e-06,2.465554e-07,1.119556e-04,1.010145e-03
30301,9.044146e-06,8.859402e-06,1.847435e-07,1.110687e-04,7.160110e-03
30401,2.952993e-06,2.866829e-06,8.616337e-08,1.101837e-04,1.991874e-03
30501,4.294119e-06,4.022578e-06,2.715410e-07,1.093005e-04,2.933607e-03
30601,2.369569e-06,2.167848e-06,2.017207e-07,1.084192e-04,2.582085e-03
30701,3.246334e-06,3.065495e-06,1.808387e-07,1.075397e-04,2.012522e-03
30801,5.253418e-06,4.954977e-06,2.984411e-07,1.066623e-04,1.474927e-03
30901,9.051098e-06,8.759704e-06,2.913934e-07,1.057868e-04,4.384128e-03
31001,1.851795e-05,1.815748e-05,3.604693e-07,1.049133e-04,1.031505e-02
31101,5.871889e-06,5.491091e-06,3.807987e-07,1.040419e-04,9.623746e-04
31201,9.470965e-06,9.191377e-06,2.795888e-07,1.031726e-04,3.099835e-03
31301,4.590187e-06,4.414715e-06,1.754722e-07,1.023055e-04,3.895711e-03
31401,1.007289e-05,1.003041e-05,4.248273e-08,1.014405e-04,8.733396e-03
31501,2.060637e-06,1.960931e-06,9.970611e-08,1.005777e-04,2.435830e-03
31601,7.721420e-06,7.170520e-06,5.509005e-07,9.971710e-05,3.703429e-03
31701,1.185235e-06,8.432909e-07,3.419443e-07,9.885881e-05,2.113696e-03
31801,1.622260e-06,1.533169e-06,8.909095e-08,9.800282e-05,2.756056e-03
31901,9.324841e-06,8.861522e-06,4.633189e-07,9.714918e-05,3.598101e-03
32001,2.606407e-06,2.507275e-06,9.913188e-08,9.629791e-05,3.702563e-03
32101,1.938381e-06,1.781087e-06,1.572932e-07,9.544906e-05,1.183782e-03
32201,2.423904e-06,2.268543e-06,1.553609e-07,9.460266e-05,2.010855e-03
32301,5.241285e-06,4.766855e-06,4.744298e-07,9.375874e-05,4.519373e-04
32401,1.146739e-06,4.563039e-07,6.904356e-07,9.291733e-05,1.245077e-03
32501,5.458139e-07,4.843307e-07,6.148327e-08,9.207848e-05,8.135685e-04
32601,2.908467e-06,2.410613e-06,4.978532e-07,9.124222e-05,3.502268e-03
32701,2.907248e-06,2.823539e-06,8.370899e-08,9.040857e-05,1.297999e-03
32801,3.529571e-06,3.383637e-06,1.459340e-07,8.957758e-05,2.896770e-03
32901,2.512412e-06,2.372831e-06,1.395810e-07,8.874928e-05,3.249718e-03
33001,2.298032e-06,2.149597e-06,1.484354e-07,8.792371e-05,3.374740e-03
33101,6.368898e-07,5.743353e-07,6.255451e-08,8.710089e-05,1.476897e-03
33201,3.500329e-07,3.159863e-07,3.404659e-08,8.628086e-05,3.039313e-04
33301,1.316736e-06,1.239439e-06,7.729675e-08,8.546365e-05,1.654441e-03
33401,1.127713e-05,1.085426e-05,4.228633e-07,8.464931e-05,8.895489e-04
33501,4.065770e-06,3.980510e-06,8.525983e-08,8.383785e-05,3.506061e-03
33601,5.363469e-06,5.039064e-06,3.244051e-07,8.302933e-05,6.193315e-03
33701,1.477429e-05,1.300808e-05,1.766211e-06,8.222376e-05,1.081341e-02
33801,1.724190e-06,1.425858e-06,2.983326e-07,8.142118e-05,2.227747e-03
33901,4.003620e-06,3.761135e-06,2.424845e-07,8.062162e-05,1.678564e-03
34001,6.379927e-06,6.130070e-06,2.498569e-07,7.982513e-05,4.757587e-03
34101,4.057495e-06,3.878179e-06,1.793156e-07,7.903172e-05,3.860161e-03
34201,1.106702e-05,1.055435e-05,5.126742e-07,7.824144e-05,8.701671e-03
34301,4.399342e-06,4.265304e-06,1.340381e-07,7.745431e-05,4.997715e-03
34401,1.116871e-06,1.055823e-06,6.104861e-08,7.667037e-05,1.788820e-03
34501,3.299243e-06,3.039965e-06,2.592778e-07,7.588965e-05,2.384964e-03
34601,8.615065e-06,8.419399e-06,1.956660e-07,7.511218e-05,6.720125e-03
34701,2.395538e-06,2.316803e-06,7.873451e-08,7.433799e-05,2.069539e-03
34801,2.739675e-06,2.594809e-06,1.448660e-07,7.356712e-05,3.051688e-03
34901,4.807898e-06,4.623379e-06,1.845197e-07,7.279960e-05,6.350090e-04
35001,3.085058e-06,3.012201e-06,7.285693e-08,7.203546e-05,4.024781e-03
35101,8.925330e-06,8.250914e-06,6.744156e-07,7.127473e-05,3.543136e-03
35201,5.389056e-06,5.157017e-06,2.320394e-07,7.051744e-05,2.106175e-03
35301,3.173775e-06,2.902625e-06,2.711497e-07,6.976362e-05,3.645447e-03
35401,1.559562e-06,1.403438e-06,1.561241e-07,6.901330e-05,1.494430e-03
35501,2.313887e-06,2.145688e-06,1.681993e-07,6.826652e-05,3.841702e-03
35601,3.701799e-06,3.588330e-06,1.134691e-07,6.752331e-05,4.812931e-03
35701,9.221341e-06,8.711021e-06,5.103204e-07,6.678369e-05,3.824719e-03
35801,2.122156e-06,1.472800e-06,6.493563e-07,6.604770e-05,1.154955e-03
35901,2.269665e-06,1.860826e-06,4.088390e-07,6.531536e-05,4.026560e-03
36001,1.875716e-06,1.856002e-06,1.971436e-08,6.458671e-05,3.460106e-03
36101,2.493761e-06,2.338210e-06,1.555511e-07,6.386178e-05,2.524171e-03
36201,3.826860e-06,3.647155e-06,1.797047e-07,6.314059e-05,3.607817e-03
36301,1.497501e-06,1.202393e-06,2.951080e-07,6.242318e-05,6.010294e-04
36401,3.144202e-06,3.090144e-06,5.405707e-08,6.170957e-05,2.748671e-03
36501,3.774188e-06,3.649082e-06,1.251056e-07,6.099980e-05,5.221965e-03
36601,1.138302e-06,6.016189e-07,5.366829e-07,6.029390e-05,7.525372e-04
36701,4.727620e-07,3.554774e-07,1.172846e-07,5.959188e-05,1.723306e-03
36801,6.581411e-07,5.080084e-07,1.501327e-07,5.889379e-05,1.613214e-03
36901,9.100072e-06,8.841112e-06,2.589598e-07,5.819965e-05,1.537245e-03
37001,3.457680e-06,3.268753e-06,1.889262e-07,5.750949e-05,2.111977e-03
37101,3.357178e-06,3.216900e-06,1.402782e-07,5.682333e-05,3.261227e-03
37201,5.455175e-06,5.300846e-06,1.543287e-07,5.614122e-05,1.283142e-03
37301,7.443719e-07,5.507814e-07,1.935905e-07,5.546316e-05,4.628421e-04
37401,8.664902e-07,7.997604e-07,6.672985e-08,5.478920e-05,1.835727e-03
37501,1.122708e-06,1.080756e-06,4.195247e-08,5.411935e-05,1.948091e-03
37601,3.638284e-06,3.571258e-06,6.702614e-08,5.345365e-05,4.587300e-03
37701,7.102579e-06,6.726670e-06,3.759086e-07,5.279213e-05,7.437142e-03
37801,4.457093e-06,4.106439e-06,3.506546e-07,5.213481e-05,5.729054e-03
37901,2.404915e-06,2.281283e-06,1.236322e-07,5.148172e-05,2.384092e-03
38001,3.145693e-06,2.948629e-06,1.970641e-07,5.083288e-05,3.937385e-03
38101,8.020101e-06,7.696947e-06,3.231537e-07,5.018832e-05,1.050631e-03
38201,1.252144e-05,1.200625e-05,5.151846e-07,4.954807e-05,8.635928e-03
38301,3.155121e-06,3.004156e-06,1.509650e-07,4.891216e-05,1.682826e-04
38401,3.912265e-06,3.723901e-06,1.883645e-07,4.828061e-05,1.698010e-03
38501,8.396773e-07,7.418686e-07,9.780874e-08,4.765344e-05,2.782659e-04
38601,1.010676e-06,8.884607e-07,1.222158e-07,4.703069e-05,8.188668e-04
38701,9.668192e-07,8.990843e-07,6.773492e-08,4.641237e-05,1.021746e-03
38801,1.213792e-06,1.125658e-06,8.813417e-08,4.579852e-05,7.116814e-04
38901,2.842558e-06,2.788155e-06,5.440329e-08,4.518916e-05,4.428309e-03
39001,1.821307e-06,1.488363e-06,3.329440e-07,4.458431e-05,8.453558e-04
39101,6.017501e-06,5.835217e-06,1.822837e-07,4.398400e-05,6.657304e-03
39201,4.258165e-06,3.907671e-06,3.504939e-07,4.338825e-05,4.986154e-03
39301,6.672647e-06,6.474388e-06,1.982587e-07,4.279710e-05,4.184282e-03
39401,1.166027e-06,1.055380e-06,1.106476e-07,4.221055e-05,1.153394e-03
39501,3.139043e-06,2.988275e-06,1.507687e-07,4.162864e-05,3.602759e-03
39601,3.062879e-06,2.746397e-06,3.164815e-07,4.105139e-05,1.788413e-03
39701,3.784120e-06,3.576444e-06,2.076759e-07,4.047882e-05,4.296409e-03
39801,1.467664e-06,1.375857e-06,9.180699e-08,3.991097e-05,2.556424e-03
39901,2.882646e-06,2.801424e-06,8.122291e-08,3.934784e-05,2.024067e-03
40001,1.011802e-05,9.878416e-06,2.396086e-07,3.878946e-05,4.405609e-03
40101,1.265020e-06,8.109525e-07,4.540673e-07,3.823587e-05,8.968249e-04
40201,1.620846e-06,1.412687e-06,2.081597e-07,3.768707e-05,1.401355e-03
40301,5.823135e-07,4.840676e-07,9.824586e-08,3.714310e-05,1.279056e-03
40401,1.607233e-06,1.529081e-06,7.815184e-08,3.660397e-05,3.279064e-03
40501,3.484373e-07,2.231593e-07,1.252780e-07,3.606970e-05,7.553923e-04
40601,2.453862e-06,2.205283e-06,2.485785e-07,3.554033e-05,1.400714e-03
40701,6.712613e-07,6.143073e-07,5.695397e-08,3.501587e-05,6.406358e-04
40801,6.437094e-07,5.603297e-07,8.337969e-08,3.449634e-05,3.531237e-04
40901,1.890977e-06,1.526206e-06,3.647712e-07,3.398176e-05,8.610441e-04
41001,1.103549e-06,1.037028e-06,6.652096e-08,3.347215e-05,1.188225e-03
41101,1.451332e-06,1.355878e-06,9.545372e-08,3.296755e-05,1.888458e-03
41201,8.398658e-07,7.921658e-07,4.770005e-08,3.246795e-05,1.446991e-03
41301,4.666662e-06,4.528293e-06,1.383690e-07,3.197340e-05,2.243827e-04
41401,4.874373e-06,4.737945e-06,1.364275e-07,3.148390e-05,5.908891e-03
41501,8.659069e-06,7.982577e-06,6.764920e-07,3.099948e-05,7.817898e-03
41601,6.148589e-06,5.887679e-06,2.609097e-07,3.052016e-05,6.244226e-03
41701,3.188854e-06,3.041342e-06,1.475116e-07,3.004595e-05,5.265333e-04
41801,5.965835e-06,5.663464e-06,3.023707e-07,2.957688e-05,5.714172e-03
41901,2.475639e-06,2.356629e-06,1.190101e-07,2.911297e-05,4.269257e-03
42001,1.603784e-06,1.546317e-06,5.746648e-08,2.865423e-05,2.680069e-03
42101,1.957772e-07,1.718311e-07,2.394614e-08,2.820068e-05,2.979556e-04
42201,3.266585e-06,3.135610e-06,1.309753e-07,2.775235e-05,1.225361e-03
42301,2.141371e-07,1.943064e-07,1.983071e-08,2.730924e-05,1.129323e-04
42401,1.579365e-06,1.399696e-06,1.796698e-07,2.687139e-05,6.591733e-04
42501,1.613066e-06,1.563135e-06,4.993098e-08,2.643880e-05,3.061304e-03
42601,3.321548e-06,3.061275e-06,2.602731e-07,2.601150e-05,1.065659e-03
42701,1.320792e-06,1.280470e-06,4.032177e-08,2.558950e-05,2.347882e-03
42801,7.068145e-07,6.221141e-07,8.470034e-08,2.517282e-05,1.117081e-03
42901,1.066037e-06,1.015489e-06,5.054778e-08,2.476147e-05,1.206442e-03
43001,2.489233e-06,2.365771e-06,1.234620e-07,2.435548e-05,2.177074e-04
43101,5.829600e-06,5.604829e-06,2.247710e-07,2.395486e-05,1.492735e-03
43201,3.502086e-06,3.431076e-06,7.100988e-08,2.355963e-05,2.498923e-03
43301,2.688921e-06,2.409823e-06,2.790975e-07,2.316980e-05,3.888641e-04
43401,9.228664e-07,8.557351e-07,6.713125e-08,2.278538e-05,2.384720e-03
43501,3.676289e-06,3.487817e-06,1.884714e-07,2.240641e-05,5.009477e-03
43601,1.597551e-06,1.506896e-06,9.065470e-08,2.203288e-05,1.787520e-03
43701,7.733731e-06,7.351635e-06,3.820962e-07,2.166482e-05,5.716726e-03
43801,2.821582e-06,2.499831e-06,3.217509e-07,2.130224e-05,1.620754e-03
43901,2.178618e-06,2.032205e-06,1.464135e-07,2.094516e-05,2.088590e-03
44001,6.735043e-06,6.418792e-06,3.162509e-07,2.059358e-05,2.951192e-03
44101,7.255908e-07,6.554632e-07,7.012766e-08,2.024753e-05,1.864285e-03
44201,3.533043e-05,3.389062e-05,1.439812e-06,1.990702e-05,1.651749e-02
44301,2.154512e-05,2.091688e-05,6.282353e-07,1.957207e-05,9.677355e-03
44401,1.078415e-05,1.028960e-05,4.945503e-07,1.924268e-05,2.510045e-03
44501,1.310159e-06,1.152731e-06,1.574275e-07,1.891887e-05,5.632520e-05
44601,3.347882e-06,3.245472e-06,1.024104e-07,1.860065e-05,2.306350e-03
44701,1.101738e-06,1.027043e-06,7.469455e-08,1.828804e-05,2.346886e-03
44801,1.141998e-05,1.096228e-05,4.576982e-07,1.798106e-05,9.323120e-03
44901,1.220842e-06,1.196107e-06,2.473525e-08,1.767970e-05,2.758561e-03
45001,4.314781e-06,4.082076e-06,2.327050e-07,1.738399e-05,4.096329e-03
45101,1.282136e-07,1.092017e-07,1.901192e-08,1.709393e-05,4.316310e-04
45201,9.736803e-07,8.687674e-07,1.049129e-07,1.680955e-05,1.611911e-03
45301,1.007183e-06,9.405997e-07,6.658290e-08,1.653084e-05,5.197943e-04
45401,1.905737e-06,1.851250e-06,5.448628e-08,1.625783e-05,3.211243e-03
45501,1.303560e-06,1.088682e-06,2.148781e-07,1.599052e-05,1.314846e-03
45601,1.807659e-06,1.725563e-06,8.209514e-08,1.572892e-05,1.566768e-03
45701,1.750294e-06,1.577446e-06,1.728486e-07,1.547305e-05,3.051893e-03
45801,1.019949e-05,9.742183e-06,4.573049e-07,1.522291e-05,8.354737e-03
45901,7.406234e-06,7.105887e-06,3.003476e-07,1.497852e-05,4.561510e-03
46001,8.301124e-07,7.826185e-07,4.749387e-08,1.473989e-05,4.087988e-04
46101,1.180341e-06,1.093972e-06,8.636936e-08,1.450702e-05,1.029794e-03
46201,1.202041e-05,1.178842e-05,2.319926e-07,1.427992e-05,8.005279e-03
46301,2.695163e-06,2.519794e-06,1.753687e-07,1.405861e-05,2.145787e-03
46401,4.608125e-06,4.551868e-06,5.625693e-08,1.384310e-05,5.050111e-03
46501,9.546536e-07,9.253342e-07,2.931933e-08,1.363338e-05,1.823472e-03
46601,7.099661e-06,6.932201e-06,1.674604e-07,1.342948e-05,4.859956e-03
46701,6.493511e-07,6.166218e-07,3.272924e-08,1.323140e-05,1.870557e-03
46801,1.781547e-06,1.566452e-06,2.150948e-07,1.303914e-05,3.370060e-03
46901,5.017781e-06,4.870495e-06,1.472856e-07,1.285272e-05,2.482932e-03
47001,7.843654e-06,7.417783e-06,4.258714e-07,1.267215e-05,6.755845e-03
47101,1.589160e-06,1.466593e-06,1.225676e-07,1.249742e-05,1.844157e-03
47201,8.922731e-07,7.099503e-07,1.823227e-07,1.232855e-05,2.506299e-03
47301,1.559464e-06,1.433138e-06,1.263260e-07,1.216555e-05,1.197393e-03
47401,2.152436e-06,2.022114e-06,1.303227e-07,1.200841e-05,1.137396e-03
47501,1.942378e-06,1.811957e-06,1.304210e-07,1.185716e-05,2.946373e-03
47601,4.638867e-06,4.363939e-06,2.749274e-07,1.171179e-05,3.705175e-03
47701,1.469836e-06,1.367461e-06,1.023753e-07,1.157231e-05,1.806522e-03
47801,4.263024e-06,4.057614e-06,2.054103e-07,1.143872e-05,3.681873e-03
47901,1.823341e-06,1.699756e-06,1.235850e-07,1.131104e-05,2.490876e-04
48001,1.353667e-06,1.268710e-06,8.495702e-08,1.118926e-05,2.650377e-04
48101,6.993831e-06,6.417513e-06,5.763175e-07,1.107339e-05,5.512769e-03
48201,2.577788e-06,2.376520e-06,2.012683e-07,1.096344e-05,1.830374e-03
48301,3.538946e-06,3.345698e-06,1.932472e-07,1.085941e-05,2.127346e-03
48401,4.628420e-06,4.565627e-06,6.279308e-08,1.076131e-05,5.915166e-03
48501,1.313701e-06,1.249391e-06,6.431054e-08,1.066914e-05,2.902705e-03
48601,6.269946e-06,5.866505e-06,4.034403e-07,1.058289e-05,6.650430e-04
48701,1.523719e-06,1.464601e-06,5.911762e-08,1.050259e-05,2.674384e-03
48801,4.296082e-06,4.188506e-06,1.075753e-07,1.042822e-05,2.543504e-03
48901,5.814430e-06,5.635689e-06,1.787411e-07,1.035980e-05,1.786283e-03
49001,3.879764e-06,3.767435e-06,1.123286e-07,1.029732e-05,1.917350e-04
49101,1.565748e-05,1.472648e-05,9.309953e-07,1.024079e-05,8.473425e-03
49201,3.379345e-06,3.177459e-06,2.018857e-07,1.019021e-05,1.507861e-03
49301,1.818160e-06,1.505011e-06,3.131489e-07,1.014559e-05,4.956879e-04
49401,4.856090e-07,4.470249e-07,3.858416e-08,1.010692e-05,1.201468e-03
49501,2.061488e-06,1.941966e-06,1.195220e-07,1.007420e-05,2.282936e-03
49601,2.243594e-05,2.152072e-05,9.152131e-07,1.004744e-05,1.271934e-02
49701,1.180784e-05,1.116820e-05,6.396451e-07,1.002664e-05,8.191367e-03
49801,9.458634e-07,7.809665e-07,1.648969e-07,1.001180e-05,1.320083e-03
49901,1.206786e-06,1.068457e-06,1.383290e-07,1.000292e-05,5.029197e-04
50000,3.169603e-06,3.000351e-06,1.692523e-07,1.000000e-05,3.436648e-03
